keyword,subreddit,post_id,title,selftext,num_comments,url,created_utc
AI,recruiting,1et0oc6,How is your company using AI in Recruitment?,"One of my quarterly rocks is evaluating how our company can utilize AI within recruitment.  I would love to know how your company/businesses use it.  If there are any awesome applications you utilize, I would love to know! :) Thanks!",107,https://www.reddit.com/r/recruiting/comments/1et0oc6/how_is_your_company_using_ai_in_recruitment/,2024-08-15T17:12:43Z
AI,recruiting,1aywso3,Initial phone screen is such a waste of time,"I'm spending 30 minutes on the phone with each candidate talking about basic stuff like company overview and candidate experience. 95% of the time, they move on to the next round, so this call is really just a formality. I don't think candidates enjoy it either, yet most of my day is spent calling candidates.

Has anyone found an automated solution? I think there should be a better process with AI these days.",91,https://www.reddit.com/r/recruiting/comments/1aywso3/initial_phone_screen_is_such_a_waste_of_time/,2024-02-24T15:12:23Z
AI,recruiting,1hknwgb,What AI tools are agency recruiters using? ,I am using ChatGPT for candidate summaries and help writing job posts.  I want to use AI for other functions such as candidate sourcing and business development.  Any tools and recommendations are appreciated!,83,https://www.reddit.com/r/recruiting/comments/1hknwgb/what_ai_tools_are_agency_recruiters_using/,2024-12-23T13:36:57Z
AI,recruiting,1ol29y8,Anyone actually cut hiring costs using AI recruiting tools at scale?,"
Been digging deep into recruiting automation software lately, especially the ‚ÄúAI everything‚Äù wave. But most tools feel like vaporware or barely handle volume.

If you're processing dozens or hundreds of candidates/month, have you actually cut hiring costs or time-to-fill with AI tools? What‚Äôs been the ROI?

Tools I‚Äôm curious about:
- Interview AI
- screening AI
- AI interview scheduling
- ATS automation (we're using Bullhorn, so looking for something that integrates)
",61,https://www.reddit.com/r/recruiting/comments/1ol29y8/anyone_actually_cut_hiring_costs_using_ai/,2025-10-31T18:24:31Z
AI,recruiting,wuyfm2,How do recruiters feel about implementation of AI into ATS?,"In order to improve and maximize the utility of ATS, many companies are implementing AI to better match candidates. As a recruiter, do you have any experience with such a program and how does it impact your position?",56,https://www.reddit.com/r/recruiting/comments/wuyfm2/how_do_recruiters_feel_about_implementation_of_ai/,2022-08-22T16:38:14Z
AI,recruiting,1jfeum2,Recruiters and AI,"Agency recruiter here- curious how often you fellow recruiters use AI on the job and what exactly you use it for. Sourcing, write ups, emails, note taking, postings, all of the above? Would love to hear about where others have found success using AI! ",46,https://www.reddit.com/r/recruiting/comments/1jfeum2/recruiters_and_ai/,2025-03-20T02:33:08Z
AI,recruiting,1mgia6s,Thoughts on the new AI recruiting agents popping up?,"I've noticed a few AI recruiting platforms popping up lately and was curious if others here have any experience with them. One that recently reached out to me is standout.work, it's pitched as an ‚ÄúAI headhunter‚Äù that scans thousands of startup candidates and sends curated matches.

For context, I‚Äôm a hiring manager for a small (5-person) engineering team. I usually handle recruiting myself - sometimes with help from internal folks, sometimes just reaching out cold.

On one hand, the idea of saving time and getting warm intros to people who are actively looking and aligned with our stage sounds appealing. On the other hand, I‚Äôm skeptical about whether these tools actually deliver on quality or if it‚Äôs just a glorified sourcing bot with some clever packaging.

Has anyone tried these kinds of AI agents (this one or others)? Did they actually help?",43,https://www.reddit.com/r/recruiting/comments/1mgia6s/thoughts_on_the_new_ai_recruiting_agents_popping/,2025-08-03T12:41:41Z
AI,recruiting,1bp9k6c,Are there any AI bots to automate interviewing candidates?,"Hi, I have a custom framework for hiring for my team. But its getting  hard and expensive to take through all the candidates through the  process. So wanted to know if there are any AI interviewing tools which  can be used to automate the process.",42,https://www.reddit.com/r/recruiting/comments/1bp9k6c/are_there_any_ai_bots_to_automate_interviewing/,2024-03-27T18:46:57Z
AI,recruiting,1b1oy03,I used AI to score my profile against a job,"Generated and scored myself and my mate against a Job Description in our company. 

He's in Sales. 76% Match.
I'm in Customer Success. 89% Match.

Great accuray, it's even got detailed popout summaries for more detail.",43,https://www.reddit.com/r/recruiting/comments/1b1oy03/i_used_ai_to_score_my_profile_against_a_job/,2024-02-27T22:20:49Z
AI,recruiting,174bur9,Leveraging AI in Recruitment,"Over the past year, I've been at the forefront of harnessing the potential of Artificial Intelligence to devise innovative solutions. These solutions have empowered thousands to elevate their professional trajectories and optimize their productivity.

In my role as a Software Engineer specializing in Recruitment Products, I've been instrumental in infusing AI into our processes, thereby enhancing the candidate experience. My first-hand encounters reveal the transformative power of AI in enabling recruiters to tap into a wider talent pool, streamline candidate identification, and enhance their overall efficiency.

I'm thrilled to announce an upcoming webinar where I'll be delving deep into these insights. This session is designed for recruitment professionals keen on leveraging the latest in AI to stay ahead of the curve.

Webinar Outline:

- An in-depth look at ChatGPT and its groundbreaking features, including web browsing, image generation, data analytics, and more.
- Real-world examples highlighting AI's role in refining recruitment strategies and time-saving.
- An interactive hands-on session complemented by a live demonstration. Participants can opt to follow along.
- A comprehensive Q&amp;A segment.

Participants will also receive valuable resources such as prompt templates, workflow patterns, example sets, a glossary of pertinent terms, and an invitation to an exclusive community of recruiters harnessing AI to redefine their roles.

If you're intrigued by the prospects and wish to be a part of this transformative journey, kindly comment below. I'll ensure you receive an RSVP link at the earliest.",39,https://www.reddit.com/r/recruiting/comments/174bur9/leveraging_ai_in_recruitment/,2023-10-10T03:52:23Z
AI,recruitment,1cllc9v,Is anyone using AI for resume screening? I am receiving more than 500 resumes per job listing,Are you reducing screening time or improving time-to-hire? Are your results accurate? Do you have any other suggestions for implementation?,102,https://www.reddit.com/r/Recruitment/comments/1cllc9v/is_anyone_using_ai_for_resume_screening_i_am/,2024-05-06T15:07:05Z
AI,recruitment,1mkd4a9,do you think traditional recruiting is dying with AI?,"a few hours ago GPT-5 launched and my first thought was, how will this affect recruiters?

so i started digging through the news and what i found honestly shocked me. traditional recruiting isn't just evolving, it's dying, and AI is the cause.

here's what I read today:

* perplexity's CEO says their AI browser ""Comet"" can handle entire recruiting workflows with one prompt - sourcing to scheduling, done
* benchmark's victor lazarte warns AI isn't just helping recruiters anymore, it's replacing them completely
* optimhire's AI agent cut hiring time from months to 12 days and slashed recruitment fees from 20% to 6%
* routine tasks are already gone: resume screening, candidate ranking, outreach, scheduling, even basic interviews

i am trying at least 4 hours per day and documenting all these changes at hirenotes, earlier i tried helping recruiters with adapting AI but now i feel they no longer need it

they have chatgpt they can do it themselves but today i thought why not I change the purpose to document the change that is changing everyone's life so I decided to

What do you think about this and how are you adapting to these changes?",50,https://www.reddit.com/r/Recruitment/comments/1mkd4a9/do_you_think_traditional_recruiting_is_dying_with/,2025-08-07T21:47:20Z
AI,recruitment,1nwtwx9,Has anyone here actually found AI genuinely useful in your recruiting workflow?,"I want to know where the *real* value of AI shows up. Is it in resume screening, scheduling, interviews, or nowhere at all? Would love to hear what‚Äôs been genuinely useful for y'all.",46,https://www.reddit.com/r/Recruitment/comments/1nwtwx9/has_anyone_here_actually_found_ai_genuinely/,2025-10-03T08:57:11Z
AI,recruitment,10p3tr9,How effective is AI in recruitment?,"My company is looking into the potential of an AI tool such as fetcher to help with sourcing. I am struggling to find any real life reviews and feedback online as all the sites seem to just be trying to sell their products (which are, of course, the best thing since sliced bread). We have previously used sourcing tools which incorporate AI as a smaller side feature and I have to admit I was unimpressed by their ability to actually provide quality candidates.

Some feedback from people actually using dedicated AI tools would be greatly appreciated!",44,https://www.reddit.com/r/Recruitment/comments/10p3tr9/how_effective_is_ai_in_recruitment/,2023-01-30T14:23:40Z
AI,recruitment,1afesvh,Can AI find the best candidate from your CV database?,"Here is a scenario:
I am recruiter. What I do a lot during my working day is comparing documents. One to many. I get a job description and I need to find an applicable resume for it. Resumes I have are in my OneDrive.

My question is: 
Can I use ChatGPT or Copilot to find me the most applicable of my candidates resumes for a new job I just received?",44,https://www.reddit.com/r/Recruitment/comments/1afesvh/can_ai_find_the_best_candidate_from_your_cv/,2024-01-31T10:24:59Z
AI,recruitment,1f2lnnk,"Internal recruiters, what are your biggest painpoints atm?","I'm seeing the challenge of hundreds of AI generated submissions to my ATS from lots of the new AI tooling out there making even harder to filter the chaff from the corn? ATS's seem a little stuck in the 2010s, I feel like they could be doing more in terms of automating follow ups, rejections etc. How about you all?",43,https://www.reddit.com/r/Recruitment/comments/1f2lnnk/internal_recruiters_what_are_your_biggest/,2024-08-27T16:39:49Z
AI,recruitment,187ejxt,"I created an AI Tool that can bulk process 1,000s of CVs and conduct pre-screening interviews","So many of my LinkedIn friends wish they received feedback from every job application, and many of my recruiter friends say this is impossible because they receive hundreds of CVs for each role.  
What if there was a customisable AI tool capable of:  
\- Conducting high-level pre-screening interviews before an application is submitted, filtering out candidates based on basic requirements.  
\- Processing hundreds of CVs by cross-checking them with the detailed job description and complete set of requirements.  
\- Allowing customization of the filtering process in both tools, including location, job type, skills, experiences, and much more.  
I've built exactly that as a proof of concept and I believe it works extremely well!  
https://youtu.be/-9Q\_WTgM5NE  
Let me know what you think, and what your main concerns would be about using a tool like this!  
",40,https://www.reddit.com/r/Recruitment/comments/187ejxt/i_created_an_ai_tool_that_can_bulk_process_1000s/,2023-11-30T09:22:59Z
AI,recruitment,1jx1j5y,Realtime AI assistant for interviewers?,"Hi there. After a long pause, my company started hiring today, and I did 3 interviews. While interviewing, I came up with an idea to have an AI assistant that listens to both me and the candidate, helping me ask the right questions. My problem is that I often forget to cover all the questions I plan to ask. Or sometimes I need to dig deeper and ask follow-ups but again, I forget.

So I'm wondering, does anyone else experience similar issues? I have a tech background, so I'm considering creating an AI app that would simply sit on a phone, listen to the interview, interpret it, and proactively suggest what to ask next in real-time. I don't want any integration with dinosaur ATS systems etc., just a standalone app that listens and proactively assists. It could also generate summaries afterward, but that's secondary.

What do you think? Just brainstorming an idea, I'm not promoting or selling anything.",34,https://www.reddit.com/r/Recruitment/comments/1jx1j5y/realtime_ai_assistant_for_interviewers/,2025-04-11T21:46:03Z
AI,humanresources,1nnlnw7,Need your opinion: Company wants AI to run first interviews and I‚Äôm uneasy about it [CO],"My company is seriously considering rolling out an AI interview tool to handle the first screening with candidates. The pitch is that it will shorten hiring time and make the process more efficient. Everyone around me seems excited about the idea‚Ä¶ but I can‚Äôt shake the feeling that something important is being lost.

I keep putting myself in the candidate‚Äôs shoes. If I were applying for a job and my very first ‚Äúconversation‚Äù was with a bot, I‚Äôd feel like I wasn‚Äôt valued as a person from the start. I believe that first interaction sets the tone, it‚Äôs where you get a sense of the company‚Äôs culture, the energy of the team, and the subtle cues that don‚Äôt show up in a resume. An algorithm can score answers, but it can‚Äôt build rapport, pick up on personality, or make someone feel welcome.

Leadership argues that AI will cut hiring time, but to me it risks sending the message that people are just data points. I know efficiency matters, but part of me believes hiring should stay human, even if it takes more time.

Am I being too moralistic here, or does anyone else feel uneasy about letting AI handle the very first conversation with a candidate?

Location: Colorado, USA  
Role: HR / Recruiting",183,https://www.reddit.com/r/humanresources/comments/1nnlnw7/need_your_opinion_company_wants_ai_to_run_first/,2025-09-22T12:53:44Z
AI,humanresources,1dk8b37,Management want AI in HR but how ?,"'ve been told for my this years promotion I would need to use AI or show that we are using AI in our operations.   
Seeing how management doesn't splurge for the paid AI based HR system I need some ideas on what process/ function can I show we improved with use of AI.

I feel I can convince my management to atleast buy us Microsoft 365 or Google Office pack hopefully we can get their AI with it",157,https://www.reddit.com/r/humanresources/comments/1dk8b37/management_want_ai_in_hr_but_how/,2024-06-20T10:27:22Z
AI,humanresources,gf8y9m,"I'm Amy Wright, Managing Partner for Talent ÔºÜ Transformation at IBM. Ask me about empowering your remote workforce to sustain resiliency","As the Managing Partner for IBM‚Äôs Talent ÔºÜ Transformation business, I‚Äôm responsible for bringing innovative services and software to IBM clients to help with the transformation of talent across the business enterprise and the reinvention of the Human Resources (HR) function. IBM is in a unique position to work with clients at this game changing moment-in-time, serving as a real-life example of accelerating enterprise transformation through its own HR journey, which incorporates Augmented Intelligence (AI) technology advancements, skills shifts and new ways of working.  

I‚Äôm also the co-author of IBM‚Äôs Institute of Business Value‚Äôs ‚ÄúThe enterprise guide to closing the skills gap - Strategies for building and maintaining a skilled workforce‚Äù report that was released in September 2019: https://ibm.co/3c4aAQr

Today‚Äôs global crisis is an accelerant in the ways we‚Äôre working and is changing the way we will work forever. Sustaining and building communication, collaboration, capabilities and culture in a virtual operating model quickly can be difficult. 
This week, I spoke at Think 2020 on how to accelerate your workforce strategy to incorporate intelligent automation and digitally shift your HR strategy to sustain resiliency. I‚Äôm here to answer your questions on how to empower your workforce and prepare for re-entry to the workplace.

Register for Think 2020: https://ibm.co/2z9rheC

[Proof](https://i.redd.it/avvja4tm4dx41.jpg)

Thank you all for your questions today. I'm signing off now, but my team will check in on further questions.
Watch my Innovations Talk from Think 2020 on demand here: https://ibm.co/3b8nrj7
See how you can reimagine ways of working to enable your workforce: https://ibm.co/3dnDcEs",84,https://www.reddit.com/r/humanresources/comments/gf8y9m/im_amy_wright_managing_partner_for_talent/,2020-05-07T15:45:13Z
AI,humanresources,1izo2sd,Boss wants AI in HR [N/A],"My boss is one of \*those\* managers that wants AI shoved in everything possible because it will generate us infinite money, or something, and wants me to give her some AI solutions. What are some legitimate uses for AI in HR, and what are some ways to get the point across that AI isn't a magic bullet? For those legitimate uses, why is AI better than using a normal program or algorithm?",76,https://www.reddit.com/r/humanresources/comments/1izo2sd/boss_wants_ai_in_hr_na/,2025-02-27T19:23:49Z
AI,humanresources,123xx18,ChatGPT replacing ER Investigators,"Sr. ER Investigator here for big tech company. I‚Äôve been in investigations more than a decade and am finishing my PhD in a related field. 

I‚Äôd like to hear from folks who are regularly utilizing ChatGPT already or have experience with AI tech. With the legal industry bracing for major impact (read: Goldman Sachs just predicted 44% of legal jobs will be made obsolete in the next few years), does anyone in HR think AI will do their job? 

For me it‚Äôs hard to imagine my company allowing AI to do sexual harassment and EEOC investigations. It‚Äôs not that AI can‚Äôt do them (it can! And probably better than 80%+ investigators), but that I can‚Äôt imagine asking someone who has been sexually assaulted at work to be interviewed by an AI and telling them an AI will do the investigation. 

Here‚Äôs ChatGPT on how AI will impact HR investigations: 

‚ÄúAI is poised to have a significant impact on HR investigations in various ways. As technology continues to advance, AI-driven tools will play a more prominent role in streamlining and enhancing the investigation process. Some of the key ways AI can impact HR investigations include:

1. Enhanced objectivity: AI can help reduce bias and human error in investigations by providing an impartial analysis of the data. This objectivity can lead to more accurate findings and fairer outcomes.
2. Automating repetitive tasks: AI can automate time-consuming and repetitive tasks, such as document review, data collection, and preliminary analysis. This can allow HR investigators to focus on more strategic aspects of the investigation, such as interviewing witnesses and drawing conclusions.
3. Natural Language Processing (NLP): AI-driven NLP tools can help analyze written and spoken communication, such as emails, chat transcripts, and recorded conversations. This can help identify instances of harassment, discrimination, or other inappropriate behavior that may be relevant to an investigation.
4. Sentiment analysis: AI can analyze employee sentiment in communication channels, such as emails and instant messages, to identify negative patterns that may indicate underlying issues or conflicts in the workplace.
Predictive analytics: AI can help organizations identify potential risks and take proactive measures to prevent incidents from occurring. By analyzing employee behavior patterns, AI can help flag employees who may be at risk of engaging in misconduct or violating policies.
Enhanced privacy and security: 5. AI-driven tools can help organizations manage sensitive information more securely, ensuring that only authorized individuals have access to specific data during investigations.
6. Continuous monitoring and improvement: AI can provide ongoing monitoring and analysis of workplace data, allowing HR professionals to identify trends and areas for improvement. This can lead to more effective policy and procedure updates and the prevention of future issues.
7. Improved data analysis: AI can analyze large amounts of data quickly, identifying patterns, anomalies, or trends that may be relevant to an investigation. This can help HR professionals uncover crucial information, such as workplace issues, employee misconduct, or compliance violations.

While AI has the potential to greatly impact HR investigations, it is essential to remember that AI is a tool that should be used alongside human expertise. The technology can provide valuable insights and streamline processes, but human judgment and ethical considerations must still be a central part of the investigation process.‚Äù

As you can see, the impact will be quite data-driven as AI lacks human reasoning. I would love to hear thoughts from other ER folks on this‚Ä¶

Edit: spelling.",73,https://www.reddit.com/r/humanresources/comments/123xx18/chatgpt_replacing_er_investigators/,2023-03-27T19:41:07Z
AI,humanresources,1nw80y9,IS AI is going to eliminate HR jobs‚Ä¶ or finally prove HR‚Äôs value? [N/A],"We‚Äôre seeing AI resume screeners, chatbots doing candidate communication, and even payroll automation replacing manual work. Some leaders think AI will cut HR headcount by half in the next few years. Others argue it‚Äôll elevate HR into more strategic, people-focused roles.

So which side are you on, is AI replacing us, or is it the wake-up call HR needed to finally be seen as a value creator?",72,https://www.reddit.com/r/humanresources/comments/1nw80y9/is_ai_is_going_to_eliminate_hr_jobs_or_finally/,2025-10-02T16:09:21Z
AI,humanresources,13t4928,Is compensation analysis going to be yet another job that's taken over by AI?,"Right now having a WorldatWork CCP is one of the more-valuable HR certifications. But this sounds like precisely the sort of job that AI could take over pretty easily.

In the near future, AI software might let a company simply plug in the info about a person - experience, age, skills, degrees, certifications, etc. - and spit out a number (i.e., *""This employee, Alice, who has degrees in accounting and is a CPA, is worth paying a salary of $97,000 to $108,000 while she works at this office in Kansas City."")*

&amp;#x200B;

On top of that, the company could claim that it's not discriminating in pay on the basis of age, sex or gender (if anyone makes such an accusation) by saying, ""It's not us, it's the AI. The AI determined your salary, not any human manager.""",65,https://www.reddit.com/r/humanresources/comments/13t4928/is_compensation_analysis_going_to_be_yet_another/,2023-05-27T10:51:02Z
AI,humanresources,18neki0,How do you filter CVs of applicants?,"I'm a tech founder and I usually look to LinkedIn for my hiring needs. One of the issues I face is that o matter what the job description is, I get applicant CV's that in NO way match my original JD! It's a painful task to go through all the CV's, my usual hit rate is around 25-30%, ie only 25-30% of the CVs actually qualify for the job role I posted.

As a startup founder this takes away a lot of time, trying to filter hundreds of CV's and looking for the right candidate to interview. Is there a better approach to filter CV's? Considering that I have no control of who applies to jobs on LinkedIn

***Edit : I modified one of our existing products to create an AI based QnA chatbot trained on candidates CV's.***

[https://www.youtube.com/watch?v=BATp5xK8axc](https://www.youtube.com/watch?v=BATp5xK8axc)

I reused the AI-Stack in one our products (which is a AI based CRM tool) to build a simple chatbot thats trained on a CV's from candidates. I'm able to ask it basic questions about which candidates match what technologies like ""Give me candidates who have worked on react js""  and so far its been able to give me some answers. It's not perfect and answers only basic questions, but the results seem satisfactory considering that  im only looking to save some time and not automate the process fully! I have yet to test it with a wider set of CV's...",28,https://www.reddit.com/r/humanresources/comments/18neki0/how_do_you_filter_cvs_of_applicants/,2023-12-21T04:42:22Z
AI,recruitinghell,1c5grrw,"Now being an HRM, I'll share my view from that side, plus some tips that could possibly help.","***Disclaimer:*** I was laid off last year as part of a 25% reduction. I applied to \~500 positions. Out of those 500, I interacted with about 25-30. Made it to the last round with \~5 or so, and got 1 offer which I rejected. Then an offer I accepted (but since then moved to a new gig). It took me 2.5 months total, and I spent 9am-6pm M-F on my search.

Now find myself in a position where I have to fill a few roles. We're a SaaS place, and applicants need to know cloud tech, basic programming, troubleshooting. Pay is in the 175-225k range.

I am working with a recruiter who crafted the JD, posted the openings, and is reviewing the responses. We received \~1000 applicants in the first 3 days.

**This is our hiring process:**

* 1st round: Filters! Yes, filters are real, but ours are not keyword filters. They are based on what you answer to questions asked during the application: Location, citizen/sponsorship, years experience with X, Y and Z?
* 2nd round: The filters knock out a lot, after which the recruiter reviews the remaining ones. Recruiter tells me there are a lot of obvious fake profiles and reports that he sees duplicates styled resumes with apparently AI is getting worse!
* 3rd round: Recruiter then identifies interesting profiles for me to check out. I get to say yay/nay on whether the recruiter should have a chat.
* 4rd round: Recruiter speaks with the candidate and checks vibe, comp, basics and does a write up. Rejects obvious frauds which there are a lot: e.g people who don't go on camera, delayed responses after keyboard clicking (chatgpt)
* 5th round: I check that write up and then decide if I want to speak with the candidate. This is not an automatic.. e.g if someone applied for the jr positions and has been a director for 10 years.. you're out. Perhaps you want to be an IC again, but sorry, I can't risk that. You likely need a gig and will jump at the first opportunity. My advise here is that if you truly want that, tailor your resume to stress that.
* 6th round: Interview with me. \~90% don't make it past me, and I'll explain why below.
* 7th round: Coding interview with team. If one of the team members is a no/maybe.. it's over.
* 8th round: Interview with engineering leader.
* 9th round: Interview with CTO, basically a meet &amp; greet. You really have to mess up to fail this round.

Alright, I'll share some observations on how I handle the bits where I have input.

***Resume/Profile review:***

We're trying to fill these roles, so the recruiter is chasing me to set up interviews. If I can please review 10 new profiles before lunch? I am booked solid from 9 till 1, but sure, I'll give it a spin. My 10am ends at 10:45, I guess I'll have a look now.... 15 minutes to review 10 profiles....

First, I click the link to your LinkedIn profile and check:

1. Clear, professional profile picture? 
2. Posting history?
3. Scroll to bottom and check education, certs and interests
4. Scroll from bottom to top and check your career path. I casually check out company/role, and a few of the bullits.
5. And I am taking mental notes of dates: graduated in 2010, jr eng at A for 2 years in 2010, engineer with B for 3 in 2012, etc

*While these are all non deal breakers*, I want to get a sense of who you are! So my recommendation here is to have a clear and professional photo of yourself. Posting on LI is ok, but don't be some incessant poster. List ALL the dates including your education, so I can follow your career along. Don't leave gaps unexplained (e.g. graduated in 2010 and then the first role is in 2015?). Put fewer details for older roles, put more details for newer roles. It's OK if you have a previous career (like me) in a different field, mention it!

Then I review the actual resume and treat it differently depending on years of experience. I am hiring a Jr and for people with 3-5 years I read every word. For the Sr role I check maybe 7 years back. I really don't care what you did back in 2015, it can be a totally different field.

This time I scan from the top down and read your current role very intently, the previous one a little less, and the 3rd just a cursory glance. I look certs and education, personal interest and hobbies. I don't like resumes that don't mention these sections and only list experiences.

As for resume themselves, layout and content? Oh boy... People throw some creative, but ultimate unreadable stuff out there!

**Formats:** Fancy formats with colors and fun fonts are probably OK in the creative space, but I care for NONE of it for the sole reason that it is hard to digest and I only have 15 min to review 10 resumes remember?

The Harvard Business school format is simple and concise. It's by far the best format out there. Boring AF, but so readable. Here is their template: [https://docs.google.com/document/d/1cJZIlwfCHBVcPPMxN0n5gUiEf1axv1\_ytv6mWkX7cgw/edit](https://docs.google.com/document/d/1cJZIlwfCHBVcPPMxN0n5gUiEf1axv1_ytv6mWkX7cgw/edit) 

**Layout:** 1-5 years experience? 1 page only! 5-15? 1-2 pages. 15+ sure, add a 3rd.

This is by FAR one of my biggest complaints. I do not have time to read 7 pages of resume. I get that people want to list every little thing they ever worked on, and I sometimes see 15+ bullets for a gig you were in for 5 month! WTF! My recommendation is to list no more than 7 bullets per role, and list fewer and fewer for older roles. For a job you held 10 years ago? It's OK to just list the role with no bullets at all.

**Content:** If your last few roles where in the same tech space, I don't want to read the same thing you did. E.g. ""troubleshot AWS issues"". Given that it's so basic, if you want to list that at all, list it for your oldest role. When I see that, I assume that skill carries to your more recent roles.

Instead I want to know how you went above and beyond. Show me that you were not just a user of tech but improved on it. E.g. ""Proficient in Microsoft Excel"". The subject here is Excel and it tells me you can use Excel and know the basics. ""Introduced macros and pivot tables for automated reporting in Excel"". The subject now is that you expanded upon Excel's abilities and it totally follows that you're obviously proficient in Excel, actually an expert in it.

This is to say that the bullets need to be more about YOU and what YOU did with a tech versus just mentioning that you know it.

And when I said to just list only a few bullets? These bullets have to be 1 LINE per bullet only, don't let them run on the next line!

**Yes, that means cutting all the crab and buzzwords ou**t of it and distill it to it's pure essence only.

I see a lot of things like ""*Upgrade process: When I first joined the company, the upgrade process was cumbersome and painful. After a few months I decided to improve on it, and researched a few alternatives before settling on tech A which made things easier for everyone and reduced complexity* ""

That should be a bullet like this: ""*Reduced upgrade complexity by 20% researching, introducing and tailoring tech A.*""

Each bullet needs to **start with an action word.** There are lists of those, e.g. here: [https://www.colorado.edu/career/job-searching/resumes-and-cover-letters/resumes/action-verbs-use-your-resume](https://www.colorado.edu/career/job-searching/resumes-and-cover-letters/resumes/action-verbs-use-your-resume)

**TL;DR:** You get 1.5 min of my time. I do not have time to figure out your fancy formatting and 7 pages of work history. Present a concise, filled out resume I can digest in short order. I need to see progressive experience with more details for the last roles.

From the things you do list I need to see **what you DID** and not what you KNOW.

After my review I decide whether the recruiter will do a screen. The recruiter then screens and rejects some and writes up maybes and yesses. I then review those notes and reject people at this stage, mostly based of what the recruiter suggests. ""I think he can do the job but he was a bit elusive on..."" -&gt; reject!

Then a Zoom interview is scheduled and we get 45min to chat. Most people fail this stage, and not even because I doubt their actual skills. **The #1 reason people don't make it past me because I could not establish a connection to them as a fellow human.**

As for the Zoom setup itself: I can't stress to be dressed appropriately, be in a well lit room and don't have a Zoom background that blends you in from time to time (blur is OK).

Additionally, have the camera facing you. A trick I learned is to make the Zoom window narrow in which case the other party pops to the top. I then move that window all the way up to have the person close to my own camera. That way it's almost as if your looking at each other.

Make sure the sound is ok, and that there is no one else in the room. Make sure there is no background noise. I've had people take calls from the car, from a coffee shop ""oh sorry, I just ordered a latte and it's ready, be right back"". These are massive turn offs!

**Show up on time and be on camera as soon as you join**. I've joined calls where the person likely stepped away and only opens his camera and sound a minute or 2 in. If you don't show up within 5 minutes I am dropping the call and tell the recruiter to move on.

Since I hate interviewing when looking for a job myself , and am usually nervous as fuck I appreciate interviewers who take the lead and give an intro and that is what I do. I hate interviewers who jump on a call and say 'So, tell me about you'.

Thus, I start the interview and give a 8-10 min intro about me, the company and the role. In my intro I say that when I am done I am asking *you* to introduce themselves and tell a bit about their job history and what they are looking for, so you have a 10 min headsup. That gives people a chance to get used to my voice and mentally prepare for their turn.

Now, when I do my 10min intro I do watch your body language closely. Are people taking notes? have expressions of surprise, smile, laugh? All those are big positives to me since it shows engagement. I interviewed one person in a dark lit room sitting in front of some sort of flag and he didn't move at all, with no expression whatshowever. It was like one of those hostage videos. By the time I was done my intro, I knew he would not be hired.

So.. first impressions matter!!! Feign interest if you must, but by jolly engage with the material, make notes and have expressions. I especially like if people then immediately ask a question after I am done: ""If I may, did you say the company was international based? Where is HQ?"" before launching into their own intro. **It tells me that I am speaking with a fellow human.**

Your own intro needs to be concise and span your whole career. ""Graduated in 2010, spent the first few years doing support when realized I liked development more, etc"". **Make this a 5-10 min thing and practice it over and over again.** **This is the meat of your application** and you need to rehearse it. Many people start to ramble and I have to cut them off, other people say just a few lines about their last role and then fall silent.

Then we dive into the role and it becomes a back and forth about experiences. But honestly, by then I usually already know if I am going to move ahead. Because **as the manager I need to know that you fit in my team,** that you are a normal human being. Whether you know the latest tech or relevant tech is not decided by me, but during the next coding interview. During the back and forth I really just watch how you formulate your answers, whether you ask questions, and how you describe problems and present yourself.

The last 5-10 min are for your questions: HAVE SOME prepared! Write down more questions than there is time. Ask the ones you have based on the interview first, then the more general ones.

Not asking any questions is a turn off to me (despite loving that I get 10 min back)..I.e. I am not doing anything to fill out the time allotted. If you ever don't make it to the end of the scheduled time then I bet you won't make it to the next round. It's also OK to ask about next steps, I don't volunteer those, but happily fill you in.

From there you are on your own, it's out of my hands. If you can't make it past my team due to insufficient skills, that's on you. I don't think any HRM has lots of influence at that point other than perhaps deciding between 2 candidates who made it all the way through.

Re-reading this makes me sound like a Nazi death camp doctor who has to decide if you live or not. But honestly, with some simple improvements anyone can make it past the HRM.

Happy to answer some questions, but don't want to review your profile for some custom tips lol.

Hope this all helps. Hang in there everyone! If you have been looking for months? Perhaps delete your resume and start over and take a new approach.

Hang in there and good luck!",446,https://www.reddit.com/r/recruitinghell/comments/1c5grrw/now_being_an_hrm_ill_share_my_view_from_that_side/,2024-04-16T13:57:54Z
AI,recruitinghell,1my56ks,"I didn't get a job because I was profiled as a ""Video Gamer""","I was interviewed for a Afterschool Drama Teacher program at the local museum here. This was a virtual interview so I get the Google Meet email. When I joined, I notice that there was another in the room with us but it was an AI that was going to transcribe the meeting called Otter.AI. I didn't think much of it, I figure that this was protocol, whatever. 

Interview goes on, I feel good despite the little red flags I saw come up. But I need work and being lucky enough to get an interview in my field of choice, I hoped for the best. About 30 minutes after the interview concluded I get another email from Otter AI that shares what was transcribed. I felt like I wasn't suppose to see this but I decided hey, if anything I can go over the interview for myself and just take it as a healthy moment to critique myself. 

Little did I realize, the transcription continues after I left. 

I've attached what was said but, I was profiled as a ""video gamer"" and that was why I was not qualified for the job. 

At first I was pissed but then I had to laugh at the absurdity of it all. If that's their thought process, perhaps I dodged one big ol bullet! 

For transparency, yes I do play video games. But I have a professional resume filled with Teaching experience, industry and professional work under my belt. Granted sure I don't have a bachelors in theater work but I wanted to shoot my shot, knowing theres SOME overlap but I was willing to get my feet wet. And its for a kindergarten-program, not exactly putting on 'Kidz Bop Presents: Hamilton'. 

This is definitely the craziest rejection I've ever received. This is truly hell!

https://preview.redd.it/2pd21gygkskf1.jpg?width=871&amp;format=pjpg&amp;auto=webp&amp;s=874e6fe3bde334c462ffe3d85b932c32a26deb95

",318,https://www.reddit.com/r/recruitinghell/comments/1my56ks/i_didnt_get_a_job_because_i_was_profiled_as_a/,2025-08-23T15:58:29Z
AI,recruitinghell,1o6cglm,Tldr; an undisclosed AI keyword scored my interview in real time,"Rant: 
One of the interviews I had recently was a job I was extremely overqualified for both in salary and in experience. But it was with a video game company so I applied anyway as that's a tough industry to break into. 

The interviewer (the Chief of Staff) started by being like ""this isn't a typical interview, tell us about yourself outside of work. This is a vibe check"" and then asked me just about that stuff and two questions like ""what do we do"". Extremely entry level questions. 

She didn't ask me a single thing about my background, experience, or resume. Only about myself explicitly ""outside of work"" and the 2 very junior questions about them.

At the end of the interview, when I asked if she has any concerns about my resume or our conversation she explained that she has NO INPUT on if I move forward. The Chief of Staff. Instead, an AI that has been recording our conversation is scoring me and that is what determines if I move forward. 

In an interview about my HOBBIES. 

Allegedly this was to ""remove bias"" (because AI is famously unbiased lol). And suddenly the interview made more sense. She didn't ask me about my work background because she probably didn't know it--an AI moved me forward. She didn't seem to know anything about me. 

If I had known an AI was scoring me, I would have done my interview entirely differently. Instead of trying to create a connection and establish rapport with the interviewer, I would have adjusted to speaking more about my work experience and background even when it was ostensibly not the purpose of the call. 

The whole thing was so icky and insulting (from the condescending entry level questions to telling me at the end that my conversation with her had no meaning unless the AI likes me) that I laughed when I got the rejection. 

Apparently I didn't ""vibe"" hard enough with the computer ü§∑üèª‚Äç‚ôÄÔ∏è

Edit: addressing a few things quickly since this post BLEW up (it's literally my first reddit post and I was unprepared üòÖ). 
1. The title seems to confuse everyone so apologies, it's not an ""AI keyword"" it's that AI ""keyword-scored"" my interview. Admittedly an assumption on my part, but meaning that I imagine the AI was looking for certain keywords and scoring me based on my use of them. 
2. Still looking for a job and nervous at the amount of attention this post is getting so I won't name the company (yet, maybe after I get a job). But it wasn't a video game studio, it was an agency that helps video game studios advertise to influencers. So, in the industry, not directly working on video games. 
3. Chances are high I didn't nail the interview! It was still an off putting experience and I just wanted to rant about it. Thanks y'all! ",289,https://www.reddit.com/r/recruitinghell/comments/1o6cglm/tldr_an_undisclosed_ai_keyword_scored_my/,2025-10-14T11:04:43Z
AI,recruitinghell,1mq851o,"Just got my first ""AI HR screening call"". Oh, dear.","I applied for this job where I am a 90%+ match (according to the job site). Within 10 minutes I get a call. ""Hello, I'm Riley, a virtual recruiter (...) do you have 5-7 minutes for a quick interview?""   
  
Since I never suffered one before, I say ""OK..."", just to see what it's like. Bot's first question: ""What was the last project you worked on?"".   
  
I'm at Director level. In my industry, you always work on 10+ projects *at the same time*, with all-kinds of cross-teams and external clients. So I instinctively ask: ""Can you clarify? Can you be more specific?""

Bot's answer after some awkward seconds of silence: ""Awesome!!"".   
  
It then proceeds to ask another stupid question which I barely listen to and I go: ""Thanks. If I can't speak to a human being, I'm not interested in this position. Bye"" and I hang up. I then get 4 text messages and a voice mail asking me to talk to the AI bot. 

Afraid that's not happening, ""Riley"". ",277,https://www.reddit.com/r/recruitinghell/comments/1mq851o/just_got_my_first_ai_hr_screening_call_oh_dear/,2025-08-14T18:01:25Z
AI,recruitinghell,1nw105v,Unpopular opinion: I miss the days pre-AI as a recruiter,"I might get downvoted for this. But as a recruiter, things honestly felt better before AI took over everything, RE: iresumes, portfolios, emails, messages (!!!)

Back then, I could actually see someone‚Äôs individuality in their portfolio, their writing, and their emails. I would get a sense of their skills, but also their personality. Now everything feels copy pasted: same tone, same phrases, the same ‚Äúperfect‚Äù wording. Half the time I can‚Äôt even tell if I‚Äôm talking to a real person or just reading a polished AI draft. I could smell ChatGPT from a mile away. 

Don‚Äôt get me wrong, I‚Äôm not anti-AI. I utilize ChatGPT, Gemini, all that good stuff, JamieAI for things like transcribing interviews. I even came across WorkBeaver AI that literally performs tasks from the description that was given. A lot of good and convenience has come out of AI.

But here‚Äôs the thing - I wish candidates used AI responsibly. Lean on it for structure or clarity, sure, but not to the point where everyone sounds identical. I‚Äôd rather read something imperfect but authentic than another templated wall of text that could‚Äôve come from anyone.

Recruiting is already tough. AI just made it harder to spot the real standouts. 

 Unsolicited advice to people applying for jobs: Don't use a generic AI template in your emails/CVs. It automatically gets filtered in our brains 98% off the time. Try to sound human as cliche as that sounds. We read hundreds of emails per day, we could tell if you asked ChatGPT to ""Create a response for this: \[Insert message\]"". ",244,https://www.reddit.com/r/recruitinghell/comments/1nw105v/unpopular_opinion_i_miss_the_days_preai_as_a/,2025-10-02T11:19:16Z
AI,recruitinghell,1lg7oc5,PSA to candidates using AI in interviews: You‚Äôve gotta try a little harder.,"I‚Äôve seen this more and more over the past year...candidates clearly relying on AI during live interviews. And while I get it, AI isn‚Äôt going anywhere and it is used for resumes and cover letters. But using it mid-interview without finesse is becoming a deal-breaker.

If you're staring at the screen, repeating the question out loud, pausing awkwardly, and then delivering a robotic-sounding response like you're reading it off ChatGPT... it‚Äôs a no from us.

If you‚Äôre going to use AI tools to help prep, great. But once you‚Äôre in the actual interview, you need to sound like you and not like you‚Äôre reading a script in real time. It‚Äôs painfully obvious, and it makes us question your actual understanding and communication skills.

Just my two cents from the other side of the screen. 

EDIT: This post is not about discriminating against people who are neurodivergent or have autism. 
This is about being asked an interview question about your field of expertise and answering with a generic nonspecific response that does not answer the  question at all. ",224,https://www.reddit.com/r/recruitinghell/comments/1lg7oc5/psa_to_candidates_using_ai_in_interviews_youve/,2025-06-20T16:01:08Z
AI,recruitinghell,1lk9uty,Employers Are Buried in A.I.-Generated R√©sum√©s,Boo-hoo-hoo!  Perhaps if every HR department in the world hadn't turned over screening applicants to AI this would not have happen.  HR has just become a game of weaponize AI bots.,223,https://www.reddit.com/r/recruitinghell/comments/1lk9uty/employers_are_buried_in_aigenerated_r√©sum√©s/,2025-06-25T16:11:56Z
AI hiring,recruiting,1bzwpn6,AI in Recruitment &amp; Talent Acquisition,"I finished my IO Psychology MS and finally have some time to contribute more to the community and AreWeHiring.com. A recent topic that has been popping up a lot is [AI in recruiting](https://www.gartner.com/en/human-resources/topics/artificial-intelligence-in-hr). In addition to my background in Recruiting, I program and consult on HR and talent Acquisition technology and systems, including AI, automation, and analytics.  I wrote this quick article to provide some context to [AI in recruiting and talent acquisition](https://www.linkedin.com/posts/recruiterjonathonpalmieri_ai-chatgpt-recruiting-activity-7183193294468755458-6Gwh?utm_source=share&amp;utm_medium=member_desktop). I thought it would be great to kick off a discussion with the r/recruiting community on the topic. Please post your comments and questions, and as always, you can find more blogs &amp; recruiting [resources on our Wiki](https://www.reddit.com/r/recruiting/wiki/about) or the community site [AreWeHiring.com.](https://arewehiring.com/recruiter-talent-acquisition-resources/exploring-what-organizations-should-know-about-using-ai-in-recruitment-talent-acquisition-efforts/)

# Exploring what organizations should know about using AI in Recruitment &amp; Talent Acquisition efforts¬†

Artificial Intelligence (AI) in business is increasingly becoming a focal point as organizations strive to enhance and streamline their workforce operations. As we delve into the realms of AI, it‚Äôs crucial to address a common gap in understanding what AI truly encompasses. This blog seeks to unravel the complexities surrounding AI, distinguishing between concepts like process automation and predictive analytics and generative AI, such as ChatGPT. As we explore the nuances of AI applications, including the emergent field of Prompt Engineering and the intricacies of AI training, we‚Äôll also scrutinize the ethical and legal ramifications of AI-generated content and data usage. By dissecting these multifaceted issues, we aim to provide a comprehensive overview of AI‚Äôs role in business and its broader implications.

AI in business is a growing trend, especially as many organizations look to optimize and augment their workforce. However, I think it‚Äôs important to mention that many organizations do not understand what AI is. The term has been thrown around to include process automation, predictive/advanced analytics, and generative AI (ChatGPT). These misunderstandings often conflate the topic; for example, within generative AI, many people confuse training with AI chat prompt manipulation. Prompt manipulation is absolutely something useful in leveraging AI, hence the emergence of the ‚ÄúPrompt Engineering‚Äù job. However, training is where many advancements are happening. It‚Äôs also important to know where data comes from, who owns it, and how it is being used in training. It is extremely important to the resulting impacts of how we work with AI and how organizations leverage it. For example, when [Amazon tried to create an AI recruiting tool](https://www.reuters.com/article/idUSKCN1MK0AG/), it resulted in unintentional bias. Most likely propagated by implicit bias in their training data and model-building methods. Another issue is ownership not only of the data but also of the content being generated [According to Lexology](https://www.lexology.com/library/detail.aspx?g=93cf3f01-5e64-4088-9af6-237fd38165e9#:~:text=The%20Copyright%20Office%20guidance%20indicates,Office%20will%20not%20register%20it) , ‚Äúthe Copyright Office guidance indicates AI-generated content may be copyright protected if the work is in some way original and unique.‚Äù But is content based on scraped and acquired data original? Also, what if that generated content comes from an AI model that is scraping data illegally? There are dozens of lawsuits going after large technology companies scraping AI model training data[ International Association of Privacy Professionals](https://iapp.org/news/a/lawsuit-accuses-openai-microsoft-of-illegal-data-scraping/).

These topics, and others, extend to how we look at utilizing AI in the Talent space. A recent post on the Reddit forum I moderated on r/humanresources was a call for advice on catching people using ChatGPT / Generative AI on their resumes. Surprisingly, the mass opinion was that no one cared if people used a tool (ChatGPT) to create their content; they viewed it no differently than hiring a writer or career coach. However, the problem stemmed from wrongfully representing themselves. Therein lies the danger: when you have something like AI creating content, with little visibility into how it is making the content and problems such as Hallucinations (incorrect or misleading results) from AI, you open yourself or your company up to liability or poor results. Just look at NYC‚Äôs AI chatbot telling [business‚Äô to do illegal things](https://www.nbcnewyork.com/news/local/nycs-ai-chatbot-was-caught-telling-businesses-to-break-the-law-the-city-isnt-taking-it-down/5287713/). Similar problems in the talent world exist, such as [benefits chatbots](https://www.zendesk.com/blog/5-benefits-using-ai-bots-customer-service/) generating incorrect results for employees (or incoming candidates), which can open the company up to liability. I recommend that companies utilize strict RAG (Retrieval-Augmented Generation) techniques to limit hallucinations and ground AI text generation by providing context. However, I still believe organizations should use these AI techniques to augment rather than replace HR &amp; recruitment professionals.

Lastly, I see many more companies interested in [measuring employee &amp; candidate experience trends](https://rexrecruiting.com/how-to-measure-candidate-experience/), which are important people metrics as they relate to employee performance, engagement, satisfaction, and retention, and turnover. These are topics that many companies, such as [Deloitte, have recognized as growing HR trends](https://www2.deloitte.com/us/en/insights/focus/human-capital-trends.html) . Candidate experience is important as it relates to the likelihood of hiring qualified candidates, and it is related to the outcomes of that candidate as an employee. Furthermore, candidate experience impacts employer branding as well as consumer decisions. Simply put, if your company provides a poor candidate experience by hiring low-quality recruiters (or outsourced recruiters), having a poor interview process, or having marketplace misaligned jobs, you are hurting your company in a variety of ways. When talking about AI from a candidate experience perspective, the saying, ‚ÄúPeople join people, and people hire people,‚Äù comes to mind. Adding in-personal technology, such as an AI chatbot, removes that people element and retracts from the candidate‚Äôs experience.

In conclusion, the integration of AI in business, especially in the talent and HR sectors, poses both opportunities and challenges. As companies increasingly leverage AI to enhance candidate and employee experiences, it‚Äôs imperative to balance technological advancements with ethical considerations and human touch. While AI can significantly augment HR functions, it should not replace the nuanced judgment and empathy that human professionals bring to the table. Ensuring responsible use of AI, addressing potential biases, and maintaining transparency will be crucial in harnessing AI‚Äôs full potential while safeguarding against its pitfalls. Ultimately, fostering a holistic approach that values both technology and human interaction will be key to achieving sustainable success in the evolving landscape of AI in business.

Using my own LLM model running a Mistral model I created a TLDR (though its not that short lol)

TL;DR: AI in business, particularly in recruitment and talent acquisition, is growing in importance but is often misunderstood, conflating different aspects like process automation, analytics, and generative AI. Ethical and legal issues, such as data ownership and bias, are significant concerns, as demonstrated by Amazon's biased AI recruiting tool. The emergence of ""Prompt Engineering"" highlights the importance of understanding AI's capabilities and limitations. While AI can enhance HR functions, it shouldn't replace human judgment. Responsible AI use, addressing biases, and maintaining human interaction are essential for leveraging AI's benefits while avoiding its pitfalls in the talent and HR sectors",37,https://www.reddit.com/r/recruiting/comments/1bzwpn6/ai_in_recruitment_talent_acquisition/,2024-04-09T16:39:13Z
AI hiring,recruiting,1qvjxgn,"Is it just me, or has ""AI-Assisted Interviewing"" reached a breaking point?","I‚Äôve had two hiring managers this week reach out saying candidates were clearly using AI tools during live technical rounds copy pasting questions, visible screen reading, and even different voices.



It‚Äôs frustrating because it wastes everyone's time and makes it harder for the truly qualified people to stand out.



Curious to hear from other agency or in-house folks: How are you adapting your technical vetting in 2026 to catch this? Are you moving back to more live white-boarding, or just accepting that the ""cat and mouse"" game is the new normal?

(I am not promoting any services just looking for a vent/sanity check from fellow recruiters.)",30,https://www.reddit.com/r/recruiting/comments/1qvjxgn/is_it_just_me_or_has_aiassisted_interviewing/,2026-02-04T09:19:20Z
AI hiring,recruiting,1locyyl,Best AI screening tools?,"I have a work cell phone and prefer to do my initial screening with a traditional phone call. I‚Äôm looking into using an AI note taker. I have the option of an AI note taker through Zoom, but what if I want to stick to a phone call? Is there an app that can do that?
I use Calendly for scheduling these and I only have the free version. This means I can schedule phone calls but not zoom or video calls, so I‚Äôd have try for approval for a paid Calendly subscription if I wanted to do zoom screening calls, plus I prefer just a phone call anyways.
For context, I am being encouraged to use AI in my role but also don‚Äôt have much budget.
Right now I‚Äôm looking into BrightHire and MetaView, so if anyone has feedback on those or any other specific tools, that would be welcome!",28,https://www.reddit.com/r/recruiting/comments/1locyyl/best_ai_screening_tools/,2025-06-30T17:03:34Z
AI hiring,recruiting,1l4lxpa,How to detect &amp; Counter Cheaters using AI Tools,"Hey Fellow Recruiters, founders, Hiring Managers, and anyone trying to do good hiring for Software Engineers.

How are you detecting , countering and/or asking question which are AI Proof?  
We've recently encountered candidates using tools like: [finalroundai.com](http://finalroundai.com), [interviewcoder.co](http://interviewcoder.co), [interviewhammer.com](http://interviewhammer.com), etc.

We're remote first, so it is not possible to do an in-person interview.

Please share tips and tricks?",26,https://www.reddit.com/r/recruiting/comments/1l4lxpa/how_to_detect_counter_cheaters_using_ai_tools/,2025-06-06T06:53:30Z
AI hiring,recruitinghell,1en3e7w,I got a job!‚Ä¶from LinkedIn!,"Little bit of a hopeful post. A month ago I saw a job position on LinkedIn for my dream job in my field. I applied on there and to my entire surprise, got the job! (Also I had 0 connections with the work!!)

What I did:

A.) Before I applied, I took my resumes and put them through multiple AI scanners to score it (because I‚Äôve heard some jobs won‚Äôt even look at your resume if their AI reviewer scores it bad)- and when it was at least a 70% rating on multiple websites I called it good enough.

B.) I saw from TikTok saying how a lot of hiring managers get impressed whenever someone on LinkedIn reaches out to them to express their interest- so I did. A week before- is when I put in the application, I was just trying to hit the nail on the coffin. The lady replied saying to submit a job application to which I replied that I did a week prior and ‚Äúwanted to express how enthusiastic for the role I was‚Äù

C.) During the 2 (and a half) interviews I had, I have a problem where I tend to ramble on. I‚Äôve learned to use that as a prop and when I ramble I find a good stopping point and excitedly apologize about rambling and emphasize how passionate I am about whatever the question was. They ate that response up. 

D.) At the end is always try to ask personal questions-less about where the company will be in the future but more so getting a person-to-person connection with the interviewer. Like what they hope for for my position, where they personally think the job is heading etc. (I used to be one of those people that didn‚Äôt ask questions and all the questions I‚Äôd see online when looking for ideas felt too bland and cookie cutter)

I will say- I think a lot of it may have just been right place right time because this job is one of the first of its kind so there wasn‚Äôt a lot of people I was fighting against. 

But all that to say, I landed by dream job through applying on LinkedIn with no previous connections to the work! (And it‚Äôs from a legit and reputable company?!) Didn‚Äôt think that was possible. I start at my new job in a week today!

Good luck on your journeys. ",104,https://www.reddit.com/r/recruitinghell/comments/1en3e7w/i_got_a_jobfrom_linkedin/,2024-08-08T11:22:50Z
AI hiring,recruitinghell,mwbzs1,"Potential employer sent me a HireVue link. This is dehumanizing and ridiculous method of recruitment, we have to oppose this or we'll make another enormous leap towards corporationist dystopia."," 

If like me a couple hours a go, you don't know what HireVue is, have a look at this: [https://www.youtube.com/watch?v=hzY6zYsFV3A](https://www.youtube.com/watch?v=hzY6zYsFV3A)  
or search for opinions about it.  
tl;dw: Basically, you have to record yourself answering questions presented to you by their app, the recording then goes to the employer or AI (God only knows) to judge and you have no control over it.  
**We must not allow this kind of treatment. This is not acceptable. If you get an invitaation to this kind of interview, decline it and tell the company that sent it to you that it's not okay.**

Here's what I sent to recruiters, there were some more issues with the process, hence the additional criticism:

&gt;Hello,  
I find your approach to the recruitment¬†process to be an utter failure and an insult.¬†  
First¬†of all, you should have given us at least a week;s notice; people have plans and many may have been disrupted.  
Second, the lack of respect for our time that you showed by failing to send our test links in advance is indicative of your attitude towards people. What exactly do you expect me to do¬†when you say ""Ooops! We don't have the links for you yet, but we're totally working on it!!!""? You expect me to wait on the edge¬†of my seat without knowing when and if the invite arrives? When this fuckup happened, you should have picked another date for the tests.  
Third, and most important: having candidates send you recordings of themselves for you to jerk off to for a CODING JOB is LAUGHABLE. Besides, I do not¬†have a webcam and I would not ever consider infecting my phone with some random hiring app. It is ridiculous. Maybe try hackerrank next time.  
I am very glad that you have shown all these red flags so willingly and so early. I want no business¬†with your¬†company and I hope you will go bankrupt soon.  
By the way, I hereby retract the consent to process any of the data I shared with you.  
Kind regards.",97,https://www.reddit.com/r/recruitinghell/comments/mwbzs1/potential_employer_sent_me_a_hirevue_link_this_is/,2021-04-22T18:59:48Z
AI hiring,recruitinghell,1h7yx7u,There is no hope.,"I got told at the interview that they are using ai to choose who gets the job now. 

I thought I would actually get thos one.


I've applied for over 1000 jobs in this past year and it's been a stream of constant rejection. Employers really don't want to hire anybody, do they?",97,https://www.reddit.com/r/recruitinghell/comments/1h7yx7u/there_is_no_hope/,2024-12-06T11:02:53Z
AI hiring,recruitinghell,1ppyrfc,Just fired a ‚Äúperfect hire‚Äù after 4 weeks,"I need to vent, but also genuinely ask how you guys are handling this.

I just had to reopen a req for a Senior role because our hire was a perfect match on paper, but week 3 on the job? The Hiring Manager calls me furious. The guy can‚Äôt do the basics. It‚Äôs becoming obvious his resume was likely AI-generated to beat the screener, and he memorized just enough to pass the interview.

It feels like the conventional resume is becoming a liability. With AI tools, anyone can look like a perfect match.

Honestly, I wish we could just move to a model where experience is ""Verified"" upfront so I don't have to guess if the PDF is real or ChatGPT.

Are you guys adding more assessment layers to combat this?

EDIT: I‚Äôm getting roasted in the comments so I want to clarify:

1. I messed up. I realize now this is a space for candidates to vent, and I walked in here complaining as a recruiter.
2. I am not looking for sympathy. Letting this person go wasn't just a ""cost"" to the company; it cost a human being their job security and left them with a gap on their CV. That is a failure of my process, not just their performance. I failed to assess them correctly, and we both paid the price.
3. The real reason I posted: I genuinely feel like the ""Resume + Interview"" system is broken. AI has made it easy to inflate a resume, but our screening process hasn't changed to catch it. We are judging people on how well they sell themselves, not what they have actually done. 

So, genuine question for you guys (since you are on the other side): If the Resume is becoming unreliable (because of AI), and you guys hate LeetCode/Assessments (rightfully so)... what is the alternative?",96,https://www.reddit.com/r/recruitinghell/comments/1ppyrfc/just_fired_a_perfect_hire_after_4_weeks/,2025-12-18T18:49:44Z
AI hiring,recruitinghell,1lpgx2t,AI is screening resumes before a human ever sees them,"What is so maddening to me as a former HR exec is that this is not only incredibly rude and cruel, but also the worst possible way to hire people.

If you could choose the best candidates based solely  on their r√©sum√©, we wouldn‚Äôt need interviews ‚Äì but we do.

Beyond that, employers need talented candidates to stay in the pipeline. 

I don‚Äôt know how anyone could expect a person with other options to stay in their recruiting process when they are treated so badly from the very first interaction.

The recruiting process has never been more broken than it is right now, and adding AI to the mix is just pouring gasoline on the fire. 





",63,https://www.reddit.com/r/recruitinghell/comments/1lpgx2t/ai_is_screening_resumes_before_a_human_ever_sees/,2025-07-01T23:34:01Z
AI recruiting,recruiting,wa58ws,Is this tool useful for recruiters?,"I am working on building a **Resume - Job matching** tool using AI. I want to find out if **you (recruiters) find this useful and will pay for it? It'll be great if you can share your reasons.**

This tool will:

\- Score a resume with respect to a role and give a % Fit (based on skills and prior experience)

\- Also do the same for linkedin profiles with a single click using a browser extension

\- Highlights skill or experience gaps in a resume that can potentially help a recruiter probe candidates well when they interview them

&amp;#x200B;

Thanks a lot!",37,https://www.reddit.com/r/recruiting/comments/wa58ws/is_this_tool_useful_for_recruiters/,2022-07-28T09:30:11Z
AI recruiting,recruiting,1cpge8d,Automating Initial Screening Calls for Software Developers?,"
Hey fellow recruiters,

I was recently approached by a company that offers an AI-powered tool designed to automate the initial screening calls for software developers. Looks like this tool operates at the top of the recruitment funnel and designed to handle preliminary assessments through AI-driven conversations.
As someone who spends a considerable amount of time on phone screens, I'm intrigued but also a bit skeptical. The idea is that it can save us a lot of time by filtering out candidates and do it better than ATS with basic resume parsers. I‚Äôm so tired of GPT generated CVs.  On the other hand, I wonder if it might screen out good candidates who just don't interview well in such a format or miss out on the nuances that a human recruiter might catch. But if I can screen 50 engineers with this tool and save 100(50x20min for the screen) hours of my time , I‚Äôd use it. 

I'm curious to hear your thoughts:

 ‚Ä¢ Do you think such a tool could be effective in improving the quality and efficiency of the recruitment process?

 ‚Ä¢ Have you had any experience with similar automation tools?

 ‚Ä¢ What are your main concerns about relying on AI for initial candidate assessments?

Thanks in advance!",34,https://www.reddit.com/r/recruiting/comments/1cpge8d/automating_initial_screening_calls_for_software/,2024-05-11T12:27:53Z
AI recruiting,recruiting,1folbq6,Best AI Sourcing Tools,"Currently exploring Workable, Arya, Fetcher AI, and looking into SeekOut.  We're going to be getting a new ATS,  but I am a Global TA Manager with a team of 2.5 recruiters including me.  We average about 20 open positions at any one point in time.  We've filled about 60 positions globally YTD and closed (without filling) about 20 more.  I need a sourcing solution that can drive candidates with contact information into my ATS.  My response rates on our templates, when we have time to source is over 30%.  I'm OK if my team has to be the one to send messages, but I need a solution to drive candidates from global databases into my ATS in order to be able to manage the contacts and outreach from there.  ",33,https://www.reddit.com/r/recruiting/comments/1folbq6/best_ai_sourcing_tools/,2024-09-24T19:39:08Z
AI recruiting,recruiting,xrcdt4,Automated sourcing of matching+interested candidates?,"So, I am a technical recruiter with an engineering background. I like to automate repetitive things. Having done tech talent sourcing for quite sometime now, I felt the entire process of talent sourcing to be be extremely tedious with infinite repetitive manual tasks of searching, screening, then pitching roles to each candidate. I feel I would like to focus more on delivering a great experience to candidates further down the funnel(shortlisted and beyond) rather than sitting behind a screen all day and searching and making cold calls to pitch a job opening to matching candidates.

To save myself the manual work, I built an AI engineered tool that instantly searches, screens and automatically pitches a job to matching candidates without any manual intervention. The matching candidates automatically receive a message on their WhatsApp and email with the detailed job description, company profile, founders profile, funding status etc. If a candidate likes the opening, they can express interest by clicking a button in WhatsApp and email. As soon as the candidate expresses interest, his profile, resume and contact information reaches recruiters inbox üôÇ

Thoughts?",31,https://www.reddit.com/r/recruiting/comments/xrcdt4/automated_sourcing_of_matchinginterested/,2022-09-29T16:34:04Z
AI recruiting,recruiting,1fcx6xl,Have AI tools affected your job as recruiters in anyway? ,"The advent of new AI tools that do contextual job matching and searching, I was wondering if day to day recruitment work has changed in anyway for people here? Do you see these tools as a threat or an aid? Curious to know ! ",30,https://www.reddit.com/r/recruiting/comments/1fcx6xl/have_ai_tools_affected_your_job_as_recruiters_in/,2024-09-09T18:53:41Z
AI recruiting,recruiting,1kh35tm,The company I'm in does not have an ATS at all.What ATS should I suggest to use? I'm new to all of this.," It's a company that's growing, so screening manually through resumes can be overwhelming and slow which makes us lose a lot of time. I'm an Intern and I want to suggest the use of an ATS that automates the screening with ai to make the recruiting process more efficient. Nobody in the company has ever used one (at least in the Mexico site, but I believe not even in the US because the HR VP doesn't know about any either). The way we manage resumes is through excel and through job application websites and manually scroll through each resume.

Edit:
For better context, the site is at a headcount of 300 and has no more than 5 positions open atm. They average at 200 applicants per position.",29,https://www.reddit.com/r/recruiting/comments/1kh35tm/the_company_im_in_does_not_have_an_ats_at_allwhat/,2025-05-07T17:27:07Z
AI recruiting,recruiting,1l7fc4e,Who's actually using AI for screening interviews?,"We use traditional screening tools at the moment (quiz-style like TestGorilla) and it seems like a natural evolution that this will be voice-enabled and more conversational as AI gets better.

I also think candidates would probably prefer this to a boring, tiresome form.

But, the current solutions seem like they kind of suck. It's clearly too early in the space right now.

Just wanted to get thoughts from other recruiters.

Is this the way you see the industry going? Do you think lower leverage tasks like screening calls/interviews will be handled by AI?

We stopped human screening calls when we realised we'd rather spend the time giving more later-round interviews.",28,https://www.reddit.com/r/recruiting/comments/1l7fc4e/whos_actually_using_ai_for_screening_interviews/,2025-06-09T20:20:03Z
AI recruiting,recruiting,dzom7j,AI Recruitment Software that Source,"Hello our company is starting to look at AI software to help with a lot of our seasonal roles.  For these roles we basically need someone with a pulse, comfortable with shitty pay and a seasonal job.    


So basically we have to phone screen everyone who applies.  We see AI jumping in to help out with those initial screens where we are just confirming they applied to a seasonal role, get how many hours they want to work and confirm compensation.    


We're seeing some companies selling AI sourcing as well and I was wondering if any recruiters have used this feature?  We just had a demo with Wade and Wendy and I wasn't buying their sourcing sales pitch.  Felt like snake oil really.  We had a pitch from paradox and it went really well but it feels like our Director is getting hoodwinked by other companies claims that they could do a lot of our sourcing for us.  There would be value in having an AI system openly source for these roles but I'm not sold that it will actually find people really looking.  Anyone used an AI for sourcing?  


I do feel like AI scheduling, email notifications and screening questions would add a lot of value.  Just not sold on AI sourcing based on what we've seen in demos so far.",26,https://www.reddit.com/r/recruiting/comments/dzom7j/ai_recruitment_software_that_source/,2019-11-21T19:39:55Z
AI recruiting,recruiting,1hsym8t,Good ATS geared towards agencies?,"I‚Äôm currently evaluating a new ATS and have a shortlist of options, but I‚Äôm seeking recommendations based on solid experiences. Specifically, I‚Äôm looking for an ATS with built-in automation, scheduling, and advanced AI features to help scale a small team while streamlining the admin side of recruiting.

Here‚Äôs my wish list:

*AI-powered note-taking (preferably for video and phone interviews)

*Inbound candidate suggestions and evaluations

*Reporting functionality

*Lead source tracking via custom URL (i.e. whether a candidate came via Indeed/LinkedIn etc)

*A wide range of integration options to expand its capabilities

*Ability to connect with LinkedIn Recruiter to manage messaging within the system

*Scheduling features with automatic meeting reminders

I‚Äôve explored tools like Greenhouse, Pinpoint, and Ashby, but they seem more suited for in-house teams. I‚Äôm specifically looking for a solution tailored to external teams.

Price isn‚Äôt a major concern as long as the value is justified. I‚Äôm also very particular about UI/UX design, so something that looks nice won't hurt.

Any recommendations?",26,https://www.reddit.com/r/recruiting/comments/1hsym8t/good_ats_geared_towards_agencies/,2025-01-03T22:12:37Z
AI recruiting,recruitinghell,1n2n1ik,"Bloomberg: Study of 67,000 Job Interviews Finds AI Outperforms Human Recruiters",Paywall-free version here: (https://archive.is/T0UVY),66,https://www.reddit.com/r/recruitinghell/comments/1n2n1ik/bloomberg_study_of_67000_job_interviews_finds_ai/,2025-08-28T20:17:45Z
AI screening,recruitinghell,16662md,And there you have it. AI has now been introduced into recruiting,"Received this generic email for a role I applied to which signs off from Olivia - AI recruiting Assistent. 

And what this now does is ask AI most probably to specifically screen off people based on age, race, sex, neurodiversity and ethnic diversity. It‚Äôs a program and can do that 

Or even based on certain geography since most German companies aren‚Äôt interested in providing relocation",44,https://www.reddit.com/r/recruitinghell/comments/16662md/and_there_you_have_it_ai_has_now_been_introduced/,2023-08-31T09:16:29Z
AI screening,recruitinghell,1ol4b3q,Behind Every Desperate Job Seeker Is Someone Just Trying to Survive,"I‚Äôve seen people, including someone who commented on my post, say that those who are unemployed and are desperately seeking jobs are part of the problem in this brutal job market. That‚Äôs really hard to read, it hurts. Most are simply trying to keep their lives afloat. Rent is due, families need support, and people apply where they genuinely believe they can do the work.

I appreciate the perspective, and I‚Äôm genuinely glad when someone hasn‚Äôt had to go through what many of us have, I hope they never do. But unemployed people aren‚Äôt the problem. The issue is a system that‚Äôs creaking. If someone is doing everything they can to support themselves or their family in a tough economy, you can‚Äôt label them ""the problem."" And, realistically, people don‚Äôt apply to roles they think they can‚Äôt handle.

So what is going on? With full respect to the experts, it‚Äôs a mix of factors, where you live, the growing tendency to hire cheaper talent offshore, and a global market that has shifted fast. Remote work widened the competition, automation and AI reduced demand for some roles, and many companies are cutting costs by replacing experienced staff with lower-paid or contract workers. Economic uncertainty also makes employers more risk-averse, they prefer candidates who already match every single requirement rather than those who could grow into the role. On top of that, the big layoff waves haven‚Äôt helped:

* Google: \~12,000 layoffs announced Jan 20, 2023.
* Amazon: 18,000 roles cut announced Jan 5, 2023.
* Microsoft: \~9,000 roles (about 4% of the workforce) announced Jul 2, 2025.

And there were many more.

Companies often cite reasons like economic slowdown, over-hiring during the pandemic, a shift to AI/automation, and general inefficiencies. These numbers matter. The flood of experienced talent from companies like Google, Microsoft, Amazon, and others has packed the market with tens of thousands of strong applicants. For each opening, especially in areas like software engineering, data science, or product management, there can be hundreds of candidates, many with top-tier backgrounds. That surplus pushes expectations higher: niche skills, spotless CVs, tailored applications just to get an interview. Even solid candidates can be overlooked or stuck in long searches. The market is brutally selective right now, driven by perception, networks, and algorithmic screening as much as merit. These days, being qualified isn‚Äôt always enough; you also have to be visible, positioned well, and consistently adaptive.

A quick UK example: plenty of companies hire Tech Leads, Engineering Managers, and Lead Engineers locally, while outsourcing many other roles to Eastern Europe, the Middle East, or South Asia to reduce costs.

So before judging anyone for trying too hard, take a moment to think about what they might be carrying, the fear, the pressure, the sleepless nights. Behind every ‚Äúdesperate job seeker‚Äù is someone fighting quietly to keep hope alive.

Be kind. This market is already cruel enough. A bit of empathy can go a long way.",27,https://www.reddit.com/r/recruitinghell/comments/1ol4b3q/behind_every_desperate_job_seeker_is_someone_just/,2025-10-31T19:45:05Z
AI interview,recruitinghell,1ek7zev,AI for interview prep?,"After six months of struggling in the job market, I finally got two interviews for software engineering roles! I've been searching for interview tips and started using an AI interview prep tool after seeing someone mention them here on Reddit. I‚Äôve tried Sensei Copilot AI and Final Round AI; they offer similar key features like an interview copilot and mock interviews. I really like how they can conduct mock interviews with me and give feedback based on the job details and my resume. But overall, I prefer Sensei Copilot AI‚Äôs UI, and they offer more usage in the free trial.

Now that my free trial has ended, I'm debating whether to pay for a subscription. Has anyone here paid for their plans? Do you think it's worth it?

And please share your interview prep hacks here; any tips would help!",105,https://www.reddit.com/r/recruitinghell/comments/1ek7zev/ai_for_interview_prep/,2024-08-04T22:36:22Z
